<?xml version="1.0"?>
<tincan xmlns="http://projecttincan.com/tincan.xsd" xmlns:xsd="http://www.w3.org/2001/XMLSchema" xmlns:xsi="http://www.w3.org/2001/XMLSchema-instance">
	<activities>
		<activity id="ispring://presentations/D59CB285-AE57-4D9E-88F1-F648047B104A" type="http://adlnet.gov/expapi/activities/course">
			<name lang="und">Word of the day - Adap</name>
			<description lang="und"/>
			<launch>res/index.html</launch>
		</activity>
		<activity id="ispring://presentations/D59CB285-AE57-4D9E-88F1-F648047B104A/slides/0" type="http://adlnet.gov/expapi/activities/module">
			<name lang="und">Word of the day: Adapt</name>
			<description lang="und"/>
		</activity>
	</activities>
</tincan>
